<?xml version="1.0" encoding="UTF-8"?>
<rss version="2.0" xmlns:ror="http://rorweb.com/0.1/" >
<channel>
  <title>ROR Sitemap for https://incomeandexpenses.vercel.app/</title>
  <link>https://incomeandexpenses.vercel.app/</link>

<item>
     <link>https://incomeandexpenses.vercel.app/</link>
     <title>เครื่องมือคำนวณรายรับรายจ่าย - จัดการงบประมาณอย่างมีสไตล์ 💸📊</title>
     <description>เว็บไซต์สำหรับคำนวณรายรับ-รายจ่าย ช่วยให้คุณวางแผนการเงินได้อย่างง่ายดาย พร้อมกราฟแสดงผลลัพธ์</description>
     <ror:updatePeriod></ror:updatePeriod>
     <ror:sortOrder>0</ror:sortOrder>
     <ror:resourceOf>sitemap</ror:resourceOf>
</item>
</channel>
</rss>
  